{
  "MinimumFrameRate": 30.0,
  "WindowedClientSize": [ 1280, 720 ],
  "ClearColor": [ 0.1686, 0.1294, 0.1098, 1.0 ],
  "Physics": {
    "Gravity": -9000.0
  },
  "Text": {
    "DefaultFont": "Fonts/Bremen Regular.ttf",
    "DefaultFontSize": 20
  },
  "Dialogue": {
    "PrintSpeed": 30.0
  },
  "CameraController": {
    "MovementSpeed": 6.0,
    "Position": [ -5200.0, 7600.0, -5200.0 ],
    "Rotation": [ 46.0, 45.0, 0.0 ],
    "Near": 100.0,
    "Far": 200000.0,
    "FOV": 10.0
  },
  "UI": {
    "GameTint": [ 0.05, 0.05, 0.05, 0.9 ],
    "MenuTint": [ 0.05, 0.05, 0.05, 0.0 ]
  }
}