{
  "stats": {
    "health": 4,
    "maxHealth": 4,
    "ammo": 4,
    "maxAmmo": 4,
    "currency": 0,
    "damage": 100,
    "movementSpeed": 600.0
  },
  "movement": {
    "speed": 1000.0,
    "acceleration": 15000.0,
    "deceleration": 18000.0
  },
  "death": {
    "cameraShake": 0.6,
    "vibration": {
      "leftMotorSpeed": 0.8,
      "rightMotorSpeed": 0.2,
      "timer": 0.2
    }
  },
  "respawn": {
    "cameraShake": 0.0,
    "bibration": {
      "leftMotorSpeed": 0.0,
      "rightMotorSpeed": 0.6,
      "timer": 0.2
    }
  },
  "reticle": {
    "interestPointWeightIdle": 0.1,
    "interestPointWeightAiming": 1.0,
    "range": [ 1800.0, 1300.0 ]
  }
}