{
  "disposeAfterRead": true,

  "rateAtStart": 35.0,
  "rateOverTime": 0.0,
  "rateOverDistance": 0.0,
  "ratePerFrame": 0.0,
  "gravityScale": 0.2,
  "timeScale": 1.0,
  "inheritedVelocityScale": 0.0,
  "step": 0.0,

  "continualInitialization": false,
  "oneShot": true,

  "startColor": {
    "blendMode_comment": "Step, Linear, Smooth",
    "blendMode": "Linear",
    "colorNodes": [
      {
        "position": 0.0,
        "color": [ 0.8, 0.0, 0.0, 1.0 ]
      },
      {
        "position": 0.5,
        "color": [ 0.5, 0.0, 0.0, 1.0 ]
      }
    ]
  },

  "startSize": {
    "start": [ 15.0, 15.0 ],
    "end": [ 40.0, 40.0 ]
  },
  "lifeTime": {
    "start": 0.5,
    "end": 1.0
  },
  "startRotation": {
    "start": 0.0,
    "end": 360.0
  },
  "startAngularVelocity": {
    "start": -100.0,
    "end": 100.0
  },
  "startVelocityOuterBounds": {
    "min": [ -800.0, -300.0, -800.0 ],
    "max": [ 800.0, 800.0, 800.0 ]
  },
  "startVelocityInnerBounds": {
    "min": [ 0.0, 0.0, 0.0 ],
    "max": [ 0.0, 0.0, 0.0 ]
  },

  "colorOverLifeTime": {
    "start": [ 1.0, 1.0, 1.0, 2.0 ],
    "end": [ 1.0, 1.0, 1.0, 0.0 ]
  },
  "sizeOverLifeTime": {
    "start": 1.0,
    "end": 0.0
  },
  "angularVelocityOverLifeTime": {
    "start": 1.0,
    "end": 1.0
  },
  "velocityOverLifeTime": {
    "start": [ 1.0, 1.0, 1.0 ],
    "end": [ 0.0, 0.0, 0.0 ]
  },

  "simulationSpace_comment": "World, Local",
  "simulationSpace": "World",

  "emissionShape_comment": "Point, Box, Sphere",
  "emissionShape": "Sphere",
  "offset": [ 0.0, 0.0, 0.0 ],
  "boxSize": [ 100.0, 100.0, 0.0 ],
  "sphereRadius": 10.0,

  "texture": "sprites/particle_sheet.dds",

  "spriteSheetGrid_comment": "How many sub-sprites the spriteSheet (texture) is divided into",
  "spriteSheetGrid": [ 8, 8 ],

  "source_comment": "The source of the texture to use, formated as index of sub-sprites",
  "source": {
    "min": [ 1.0, 7.0 ],
    "max": [ 2.0, 8.0 ]
  } 
}