{
  "disposeAfterRead": true,

  "rateAtStart": 80.0,
  "rateOverTime": 0.0,
  "rateOverDistance": 0.0,
  "ratePerFrame": 0.0,
  "gravityScale": 0.0,
  "timeScale": 1.0,
  "inheritedVelocityScale": 0.0,
  "step": 0.0,

  "continualInitialization": true,
  "oneShot": true,

  "startColor": {
    "blendMode_comment": "Step, Linear, Smooth",
    "blendMode": "Linear",
    "colorNodes": [
      {
        "position": 0.0,
        "color": [ 0.2, 0.2, 0.2, 0.3 ]
      },
      {
        "position": 1.0,
        "color": [ 0.5, 0.5, 0.5, 0.5 ]
      }
    ]
  },

  "startSize": {
    "start": [ 50.0, 50.0 ],
    "end": [ 60.0, 60.0 ]
  },
  "lifeTime": {
    "start": 0.5,
    "end": 2.0
  },
  "startRotation": {
    "start": 0.0,
    "end": 360.0
  },
  "startAngularVelocity": {
    "start": -100.0,
    "end": 100.0
  },
  "startVelocityOuterBounds": {
    "min": [ -50.0, -20.0, -50.0 ],
    "max": [ 50.0, 50.0, 50.0 ]
  },
  "startVelocityInnerBounds": {
    "min": [ 0.0, 0.0, 0.0 ],
    "max": [ 0.0, 0.0, 0.0 ]
  },

  "colorOverLifeTime": {
    "start": [ 1.0, 1.0, 1.0, 1.5 ],
    "end": [ 1.0, 1.0, 1.0, 0.0 ]
  },
  "sizeOverLifeTime": {
    "start": 1.0,
    "end": 2.0
  },
  "angularVelocityOverLifeTime": {
    "start": 1.0,
    "end": 0.3
  },
  "velocityOverLifeTime": {
    "start": [ 1.0, 1.0, 1.0 ],
    "end": [ 0.3, 0.3, 0.3 ]
  },

  "simulationSpace_comment": "World, Local",
  "simulationSpace": "World",

  "emissionShape_comment": "Point, Box, Sphere",
  "emissionShape": "Sphere",
  "offset": [ 0.0, 0.0, 0.0 ],
  "boxSize": [ 100.0, 100.0, 100.0 ],
  "sphereRadius": 50.0,

  "texture": "sprites/particle_sheet.dds",

  "spriteSheetGrid_comment": "How many sub-sprites the spriteSheet (texture) is divided into",
  "spriteSheetGrid": [ 8, 8 ],

  "source_comment": "The source of the texture to use, formated as index of sub-sprites",
  "source": {
    "min": [ 4.0, 5.0 ],
    "max": [ 6.0, 7.0 ]
  } 
}