{
  "disposeAfterRead": true,

  "rateAtStart": 0.0,
  "rateOverTime": 100.0,
  "rateOverDistance": 0.0,
  "ratePerFrame": 0.0,
  "gravityScale": 0.0,
  "timeScale": 1.0,
  "inheritedVelocityScale": 0.0,
  "step": 4.0,

  "continualInitialization": false,
  "oneShot": false,

  "startColor": {
    "blendMode_comment": "Step, Linear, Smooth",
    "blendMode": "Linear",
    "colorNodes": [
      {
        "position": 0.0,
        "color": [ 1.0, 0.0, 1.0, 1.0 ]
      },
      {
        "position": 1.0,
        "color": [ 0.6, 0.0, 1.0, 1.0 ]
      }
    ]
  },

  "startSize": {
    "start": [ 12.0, 12.0 ],
    "end": [ 20.0, 20.0 ]
  },
  "lifeTime": {
    "start": 3.0,
    "end": 4.0
  },
  "startRotation": {
    "start": 0.0,
    "end": 360.0
  },
  "startAngularVelocity": {
    "start": -100.0,
    "end": 100.0
  },
  "startVelocityOuterBounds": {
    "min": [ -10.0, -10.0, -10.0 ],
    "max": [ 10.0, 10.0, 10.0 ]
  },
  "startVelocityInnerBounds": {
    "min": [ 0.0, 0.0, 0.0 ],
    "max": [ 0.0, 0.0, 0.0 ]
  },

  "colorOverLifeTime": {
    "start": [ 1.0, 1.0, 1.0, 0.0 ],
    "end": [ 1.0, 1.0, 1.0, 2.0 ]
  },
  "sizeOverLifeTime": {
    "start": 1.0,
    "end": 0.5
  },
  "angularVelocityOverLifeTime": {
    "start": 1.0,
    "end": 0.3
  },
  "velocityOverLifeTime": {
    "start": [ 1.0, 1.0, 1.0 ],
    "end": [ 0.0, 1.0, 0.0 ]
  },

  "simulationSpace_comment": "World, Local",
  "simulationSpace": "World",

  "emissionShape_comment": "Point, Box, Sphere",
  "emissionShape": "Box",
  "offset": [ 0.0, 135.0, 0.0 ],
  "boxSize": [ 20.0, 270.0, 140.0 ],
  "sphereRadius": 50.0,

  "texture": "sprites/particle_sheet.dds",

  "spriteSheetGrid_comment": "How many sub-sprites the spriteSheet (texture) is divided into",
  "spriteSheetGrid": [ 8, 8 ],

  "source_comment": "The source of the texture to use, formated as index of sub-sprites",
  "source": {
    "min": [ 1.0, 7.0 ],
    "max": [ 2.0, 8.0 ]
  } 
}