{
  "disposeAfterRead": true,

  "rateAtStart": 0.0,
  "rateOverTime": 4.0,
  "rateOverDistance": 0.0,
  "ratePerFrame": 0.0,
  "gravityScale": 0.0,
  "timeScale": 1.0,
  "inheritedVelocityScale": 0.0,
  "step": 1.0,

  "continualInitialization": true,
  "oneShot": false,

  "startColor": {
    "blendMode_comment": "Step, Linear, Smooth",
    "blendMode": "Linear",
    "colorNodes": [
      {
        "position": 0.0,
        "color": [ 1.0, 1.0, 1.0, 1.0 ]
      },
      {
        "position": 1.0,
        "color": [ 1.0, 1.0, 1.0, 1.0 ]
      }
    ]
  },

  "startSize": {
    "start": [ 100.0, 100.0 ],
    "end": [ 100.0, 100.0 ]
  },
  "lifeTime": {
    "start": 1.0,
    "end": 1.0
  },
  "startRotation": {
    "start": 0.0,
    "end": 360.0
  },
  "startAngularVelocity": {
    "start": -300.0,
    "end": 300.0
  },
  "startVelocityOuterBounds": {
    "min": [ 0.0, 0.0, 0.0 ],
    "max": [ 0.0, 0.0, 0.0 ]
  },
  "startVelocityInnerBounds": {
    "min": [ 0.0, 0.0, 0.0 ],
    "max": [ 0.0, 0.0, 0.0 ]
  },

  "colorOverLifeTime": {
    "start": [ 1.0, 1.0, 1.0, 2.0 ],
    "end": [ 1.0, 1.0, 1.0, 0.0 ]
  },
  "sizeOverLifeTime": {
    "start": 0.0,
    "end": 1.0
  },
  "angularVelocityOverLifeTime": {
    "start": 1.0,
    "end": 1.0
  },
  "velocityOverLifeTime": {
    "start": [ 1.0, 1.0, 1.0 ],
    "end": [ 1.0, 1.0, 1.0 ]
  },

  "simulationSpace_comment": "World, Local",
  "simulationSpace": "Local",

  "emissionShape_comment": "Point, Box, Sphere",
  "emissionShape": "Point",
  "offset": [ 0.0, 0.0, 0.0 ],
  "boxSize": [ 10.0, 10.0, 10.0 ],
  "sphereRadius": 10.0,

  "texture": "sprites/particle_sheet.dds",

  "spriteSheetGrid_comment": "How many sub-sprites the spriteSheet (texture) is divided into",
  "spriteSheetGrid": [ 8, 8 ],

  "source_comment": "The source of the texture to use, formated as index of sub-sprites",
  "source": {
    "min": [ 1.0, 5.0 ],
    "max": [ 2.0, 6.0 ]
  } 
}