{
  "disposeAfterRead": true,

  "rateAtStart": 100.0,
  "rateOverTime": 0.0,
  "rateOverDistance": 0.0,
  "ratePerFrame": 0.0,
  "gravityScale": 0.2,
  "timeScale": 1.0,
  "inheritedVelocityScale": 0.0,
  "step": 0.0,

  "continualInitialization": false,
  "oneShot": true,

  "startColor": {
    "blendMode_comment": "Step, Linear, Smooth",
    "blendMode": "Linear",
    "colorNodes": [
      {
        "position": 0.0,
        "color": [ 1.0, 1.0, 1.0, 1.0 ]
      },
      {
        "position": 0.5,
        "color": [ 0.0, 1.0, 1.0, 1.0 ]
      },
      {
        "position": 1.0,
        "color": [ 0.0, 0.5, 1.0, 1.0 ]
      }
    ]
  },

  "startSize": {
    "start": [ 5.0, 5.0 ],
    "end": [ 12.0, 12.0 ]
  },
  "lifeTime": {
    "start": 1.0,
    "end": 2.0
  },
  "startRotation": {
    "start": 0.0,
    "end": 360.0
  },
  "startAngularVelocity": {
    "start": -300.0,
    "end": 300.0
  },
  "startVelocityOuterBounds": {
    "min": [ -900.0, -300.0, -900.0 ],
    "max": [ 900.0, 900.0, 900.0 ]
  },
  "startVelocityInnerBounds": {
    "min": [ 0.0, 0.0, 0.0 ],
    "max": [ 0.0, 0.0, 0.0 ]
  },

  "colorOverLifeTime": {
    "start": [ 1.0, 1.0, 1.0, 1.0 ],
    "end": [ 0.2, 0.2, 0.2, 1.0 ]
  },
  "sizeOverLifeTime": {
    "start": 1.0,
    "end": 0.0
  },
  "angularVelocityOverLifeTime": {
    "start": 1.0,
    "end": 1.0
  },
  "velocityOverLifeTime": {
    "start": [ 1.0, 1.0, 1.0 ],
    "end": [ 0.0, 0.0, 0.0 ]
  },

  "simulationSpace_comment": "World, Local",
  "simulationSpace": "World",

  "emissionShape_comment": "Point, Box, Sphere",
  "emissionShape": "Sphere",
  "offset": [ 0.0, 0.0, 0.0 ],
  "boxSize": [ 100.0, 100.0, 0.0 ],
  "sphereRadius": 10.0,

  "texture": "sprites/particle_sheet.dds",

  "spriteSheetGrid_comment": "How many sub-sprites the spriteSheet (texture) is divided into",
  "spriteSheetGrid": [ 8, 8 ],

  "source_comment": "The source of the texture to use, formated as index of sub-sprites",
  "source": {
    "min": [ 6.0, 7.0 ],
    "max": [ 7.0, 8.0 ]
  } 
}