{"assets_path":{"engine":{"absolute":"C:/Users/filip.tripkovic/Perforce/filip.tripkovic-P4-G3-Mainline-home/TGE/EngineAssets/","relative":"EngineAssets/"},"game":{"absolute":"C:/Users/filip.tripkovic/Perforce/filip.tripkovic-P4-G3-Mainline-home/Unity/Assets/","relative":"../../Unity/Assets/"}},"enable_vsync":true,"window_settings":{"aspect_ratio":1.7,"clear_color":{"a":1.0,"b":0.25,"g":0.2,"r":0.0},"keep_aspect_ratio":true,"render_size":{"h":1080,"w":1920},"start_in_fullscreen":true,"target_size":{"h":1080,"w":1920},"title":"TGE - Never give up on your dreams!","use_letterbox_and_pillarbox":false,"window_size":{"h":1080,"w":1920}}}